Category,Accuracy,Precision,Recall,F1
principle_1,0.8486238532110092,0.0,0.0,0.0
principle_2,0.7752293577981652,0.75,0.058823529411764705,0.10909090909090909
principle_3,0.7110091743119266,0.3,0.05084745762711865,0.08695652173913043
principle_4,0.8073394495412844,0.8333333333333334,0.45454545454545453,0.5882352941176471
principle_5,0.9678899082568807,1.0,0.125,0.2222222222222222
principle_6,0.908256880733945,0.047619047619047616,1.0,0.0909090909090909
