Category,Accuracy,Precision,Recall,F1
principle_1,0.8509615384615384,0.0,0.0,0.0
principle_2,0.7788461538461539,0.6,0.06382978723404255,0.11538461538461536
principle_3,0.7307692307692307,1.0,0.05084745762711865,0.0967741935483871
principle_4,0.8173076923076923,0.8157894736842105,0.5,0.62
principle_5,0.9663461538461539,0.6666666666666666,0.25,0.36363636363636365
principle_6,0.8990384615384616,0.045454545454545456,1.0,0.08695652173913045
