Category,Accuracy,Precision,Recall,F1
relevance_0,0.8648648648648649,0.9285714285714286,0.7647058823529411,0.8387096774193549
relevance_1,0.8648648648648649,0.8095238095238095,0.9444444444444444,0.8717948717948718
relevance_2,0.8918918918918919,0.0,0.0,0.0
