Category,Accuracy,Precision,Recall,F1
relevance_0,0.8918918918918919,0.9333333333333333,0.8235294117647058,0.8749999999999999
relevance_1,0.8378378378378378,0.7727272727272727,0.9444444444444444,0.85
relevance_2,0.9459459459459459,0.0,0.0,0.0
