Category,Accuracy,Precision,Recall,F1
relevance_0,0.8378378378378378,0.9230769230769231,0.7058823529411765,0.8000000000000002
relevance_1,0.7837837837837838,0.7083333333333334,0.9444444444444444,0.8095238095238096
relevance_2,0.9459459459459459,0.0,0.0,0.0
