Category,Accuracy,Precision,Recall,F1
relevance_0,0.8918918918918919,1.0,0.7647058823529411,0.8666666666666666
relevance_1,0.8108108108108109,0.7894736842105263,0.8333333333333334,0.8108108108108109
relevance_2,0.8378378378378378,0.0,0.0,0.0
