Category,Accuracy,Precision,Recall,F1
relevance_0,0.5339403973509934,0.8900709219858156,0.3205619412515964,0.4713615023474178
relevance_1,0.7468776019983348,0.3157894736842105,0.4077669902912621,0.3559322033898305
relevance_2,0.5375874125874126,0.1989051094890511,0.5477386934673367,0.2918340026773762
