Category,Accuracy,Precision,Recall,F1
relevance_0,0.5447019867549668,0.8745980707395499,0.34738186462324394,0.4972577696526509
relevance_1,0.7028145695364238,0.27647058823529413,0.45410628019323673,0.3436928702010969
relevance_2,0.5927152317880795,0.23137254901960785,0.5412844036697247,0.32417582417582425
