Category,Accuracy,Precision,Recall,F1
shape_1,0.41346153846153844,0.0,0.0,0.0
shape_2,0.9519230769230769,0.0,0.0,0.0
shape_3,0.9182692307692307,0.2222222222222222,0.16666666666666666,0.1904761904761905
shape_4,0.8365384615384616,0.0,0.0,0.0
shape_5,0.9663461538461539,0.0,0.0,0.0
shape_6,0.9759615384615384,0.0,0.0,0.0
shape_7,0.8798076923076923,0.29411764705882354,0.2777777777777778,0.28571428571428575
