Category,Accuracy,Precision,Recall,F1
relevance_0,0.5974264705882353,0.6662591687041565,0.7676056338028169,0.7133507853403142
relevance_1,0.7555762081784386,0.32589285714285715,0.3945945945945946,0.3569682151589242
relevance_2,0.48244734202607825,0.2217125382262997,0.9539473684210527,0.3598014888337469
