Category,Accuracy,Precision,Recall,F1
shape_1,0.411214953271028,0.0,0.0,0.0
shape_2,0.9532710280373832,0.0,0.0,0.0
shape_3,0.9158878504672897,0.16666666666666666,0.07142857142857142,0.1
shape_4,0.8411214953271028,0.0,0.0,0.0
shape_5,0.9626168224299065,0.2857142857142857,0.4,0.3333333333333333
shape_6,0.9766355140186916,0.0,0.0,0.0
shape_7,0.8271028037383178,0.2564102564102564,0.5555555555555556,0.3508771929824561
