Category,Accuracy,Precision,Recall,F1
principle_1,0.8472222222222222,0.0,0.0,0.0
principle_2,0.7731481481481481,0.6666666666666666,0.0784313725490196,0.14035087719298245
principle_3,0.7361111111111112,0.5714285714285714,0.06896551724137931,0.12307692307692308
principle_4,0.7962962962962963,0.92,0.35384615384615387,0.5111111111111112
principle_5,0.9444444444444444,0.25,0.25,0.25
principle_6,0.9537037037037037,0.09090909090909091,1.0,0.16666666666666669
