Category,Accuracy,Precision,Recall,F1
unit_1,0.5161290322580645,0.0,0.0,0.0
unit_2,0.7926267281105991,0.6153846153846154,0.16666666666666666,0.26229508196721313
unit_3,0.9354838709677419,0.6904761904761905,0.9666666666666667,0.8055555555555556
unit_4,0.9907834101382489,1.0,0.3333333333333333,0.5
unit_5,0.9723502304147466,1.0,0.25,0.4
unit_6,0.880184331797235,0.18181818181818182,0.10526315789473684,0.13333333333333333
unit_7,0.37327188940092165,0.021739130434782608,0.75,0.04225352112676056
