Category,Accuracy,Precision,Recall,F1
relevance_0,0.7767241379310345,0.8704819277108434,0.7696404793608522,0.8169611307420495
relevance_1,0.7163793103448276,0.33152173913043476,0.5951219512195122,0.4258289703315881
relevance_2,0.8181034482758621,0.47928994082840237,0.39705882352941174,0.4343163538873995
