Category,Accuracy,Precision,Recall,F1
relevance_0,0.7872727272727272,0.881619937694704,0.7817679558011049,0.828696925329429
relevance_1,0.7245454545454545,0.3235294117647059,0.6010928961748634,0.4206500956022945
relevance_2,0.8254545454545454,0.503448275862069,0.37823834196891193,0.43195266272189353
