Category,Accuracy,Precision,Recall,F1
relevance_0,0.7841296928327645,0.8742603550295858,0.7786561264822134,0.8236933797909408
relevance_1,0.7150170648464164,0.3236842105263158,0.615,0.4241379310344828
relevance_2,0.825938566552901,0.5266272189349113,0.41784037558685444,0.46596858638743455
