Category,Accuracy,Precision,Recall,F1
relevance_0,0.7773037542662116,0.8646288209606987,0.7795275590551181,0.8198757763975155
relevance_1,0.71160409556314,0.30327868852459017,0.5721649484536082,0.3964285714285714
relevance_2,0.8191126279863481,0.5123456790123457,0.38425925925925924,0.43915343915343913
