Category,Accuracy,Precision,Recall,F1
relevance_0,0.764505119453925,0.856093979441997,0.7660972404730617,0.8085991678224688
relevance_1,0.71160409556314,0.3147632311977716,0.551219512195122,0.40070921985815605
relevance_2,0.8216723549488054,0.4915254237288136,0.4223300970873786,0.454308093994778
