Category,Accuracy,Precision,Recall,F1
principle_1,0.847926267281106,0.0,0.0,0.0
principle_2,0.7327188940092166,0.3157894736842105,0.11764705882352941,0.17142857142857143
principle_3,0.7327188940092166,0.0,0.0,0.0
principle_4,0.7557603686635944,0.8823529411764706,0.22727272727272727,0.3614457831325301
principle_5,0.9170506912442397,0.0,0.0,0.0
principle_6,0.9032258064516129,0.0,0.0,0.0
