Category,Accuracy,Precision,Recall,F1
relevance_0,0.5771144278606966,0.8349753694581281,0.43350383631713557,0.5707070707070708
relevance_1,0.6550580431177446,0.22427440633245382,0.4106280193236715,0.2901023890784983
relevance_2,0.7164179104477612,0.3123123123123123,0.4792626728110599,0.3781818181818182
