Category,Accuracy,Precision,Recall,F1
relevance_0,0.5882352941176471,0.8325581395348837,0.45721583652618136,0.5902720527617478
relevance_1,0.6926263463131731,0.268361581920904,0.45893719806763283,0.33868092691622104
relevance_2,0.6735708367854184,0.256198347107438,0.42857142857142855,0.32068965517241377
