Category,Accuracy,Precision,Recall,F1
relevance_0,0.5662251655629139,0.8689458689458689,0.3895274584929757,0.5379188712522045
relevance_1,0.7177152317880795,0.2589928057553957,0.34782608695652173,0.29690721649484536
relevance_2,0.5777223607647548,0.23357664233576642,0.5925925925925926,0.3350785340314136
