Category,Accuracy,Precision,Recall,F1
relevance_0,0.5646766169154229,0.8501362397820164,0.3989769820971867,0.5430809399477807
relevance_1,0.6376451077943616,0.23255813953488372,0.4830917874396135,0.31397174254317106
relevance_2,0.6915422885572139,0.2899728997289973,0.4930875576036866,0.36518771331058025
