Category,Accuracy,Precision,Recall,F1
relevance_0,0.5769867549668874,0.8756906077348067,0.40485312899106,0.5537117903930131
relevance_1,0.7259933774834437,0.29194630872483224,0.42028985507246375,0.3445544554455445
relevance_2,0.5994983277591973,0.23968565815324164,0.5700934579439252,0.3374827109266943
