Category,Accuracy,Precision,Recall,F1
relevance_0,0.5088607594936709,0.8184931506849316,0.3111979166666667,0.4509433962264151
relevance_1,0.6135021097046414,0.2375,0.5533980582524272,0.33236151603498537
relevance_2,0.69957805907173,0.26537216828478966,0.3886255924170616,0.31538461538461543
