Category,Accuracy,Precision,Recall,F1
relevance_0,0.6432119205298014,0.8120567375886525,0.5849297573435505,0.6800296956198961
relevance_1,0.706953642384106,0.26959247648902823,0.41545893719806765,0.3269961977186312
relevance_2,0.6669435215946844,0.27710843373493976,0.5324074074074074,0.36450079239302696
