Category,Accuracy,Precision,Recall,F1
relevance_0,0.5679933665008292,0.8354755784061697,0.4156010230179028,0.5550811272416737
relevance_1,0.6525704809286899,0.2268041237113402,0.4251207729468599,0.2957983193277311
relevance_2,0.7155887230514096,0.3090909090909091,0.4700460829493088,0.37294332723948814
