Category,Accuracy,Precision,Recall,F1
relevance_0,0.5698924731182796,0.8455497382198953,0.4119897959183674,0.5540308747855919
relevance_1,0.6923076923076923,0.27520435967302453,0.48792270531400966,0.3519163763066202
relevance_2,0.6517783291976841,0.22343324250681199,0.3761467889908257,0.28034188034188035
