Category,Accuracy,Precision,Recall,F1
unit_1,0.5161290322580645,0.0,0.0,0.0
unit_2,0.7880184331797235,0.6666666666666666,0.08333333333333333,0.14814814814814814
unit_3,0.9400921658986175,0.7073170731707317,0.9666666666666667,0.8169014084507042
unit_4,0.9907834101382489,1.0,0.3333333333333333,0.5
unit_5,0.9631336405529954,0.0,0.0,0.0
unit_6,0.8341013824884793,0.16,0.21052631578947367,0.1818181818181818
unit_7,0.3870967741935484,0.022222222222222223,0.75,0.043165467625899276
