Category,Accuracy,Precision,Recall,F1
principle_1,0.8472222222222222,0.0,0.0,0.0
principle_2,0.7777777777777778,0.8,0.0784313725490196,0.14285714285714285
principle_3,0.7314814814814815,0.5,0.06896551724137931,0.1212121212121212
principle_4,0.7824074074074074,0.9090909090909091,0.3076923076923077,0.45977011494252884
principle_5,0.9537037037037037,0.3333333333333333,0.25,0.28571428571428575
principle_6,0.9444444444444444,0.07692307692307693,1.0,0.14285714285714288
