Category,Accuracy,Precision,Recall,F1
relevance_0,0.5238970588235294,0.9102564102564102,0.3,0.45127118644067793
relevance_1,0.7743785850860421,0.35602094240837695,0.3756906077348066,0.3655913978494624
relevance_2,0.6142697881828316,0.17592592592592593,0.41911764705882354,0.24782608695652175
